customerId,fName,lName,email,gender,address,phone,birthDate
1,Rubetta,,rmelmore0@free.fr,Female,,970-888-0962,1/4/1991
2,Eran,Clemon,,,8 Transport Court,,2/12/1977
3,Marcie,,mandrioli2@mail.ru,Female,,978-938-4991,2/12/1981
4,Abel,Benfield,abenfield3@nationalgeographic.com,,2089 Everett Center,,28/11/1979
5,Bartolomeo,Amar,bamar4@aboutads.info,Non-binary,0 Amoth Alley,414-443-2951,6/3/1982
6,Anny,Schrieves,,,93 Garrison Junction,,17/12/1983
7,Pepi,Roskeilly,proskeilly6@theatlantic.com,Female,760 Laurel Avenue,469-463-3478,7/6/1973
8,Ardith,Antonov,aantonov7@ameblo.jp,,9760 Prairieview Road,,27/1/1971
9,Casi,Perfect,cperfect8@odnoklassniki.ru,Bigender,5 Ohio Crossing,658-999-8751,6/9/1994
10,Kerry,,kbromby9@shop-pro.jp,,,,15/1/1993
11,Hermine,Norquay,,Female,472 Hoepker Junction,464-271-0047,3/9/1983
12,Boycie,Cutsforth,,,4385 Algoma Court,,14/11/1988
13,Yevette,Elsmore,yelsmorec@wisc.edu,Female,250 Mallard Alley,844-674-2500,11/3/1963
14,Grenville,Romero,gromerod@symantec.com,,02 Elka Road,,3/10/1961
15,Denys,Erskine Sandys,derskinesandyse@yolasite.com,Non-binary,5960 Golf View Road,140-803-6690,7/10/1971
16,Eldridge,Tatershall,etatershallf@unesco.org,Male,6422 Stone Corner Road,226-140-7957,19/4/1961
17,Abbott,Bearham,,Non-binary,352 Golf Course Plaza,697-749-8787,15/2/1957
18,Stefania,Pickton,spicktonh@gmpg.org,,88 Meadow Vale Point,,15/12/1990
19,Kenna,Petrusch,kpetruschi@chron.com,Female,06 Meadow Vale Circle,359-472-8388,21/10/1950
20,Adena,,abloysj@harvard.edu,,,,17/7/1999
21,Raynell,Hussell,rhussellk@edublogs.org,Female,85762 Melrose Place,589-743-3283,23/12/1992
22,Brewster,Tunn,btunnl@qq.com,,081 Burning Wood Court,,3/2/1973
23,Forrester,Pugsley,fpugsleym@earthlink.net,Male,98 Redwing Plaza,567-214-8848,12/1/1979
24,Adella,Kennifeck,akennifeckn@jigsy.com,Female,8896 Stoughton Crossing,459-569-3207,14/11/1960
25,Agnes,De Luna,adelunao@webnode.com,,39 Lillian Park,,13/1/1956
26,Denna,Colnet,,,7723 Gerald Terrace,,16/10/1980
27,Fanchette,Gaspero,fgasperoq@wikipedia.org,Female,715 Warbler Lane,733-632-7104,7/1/1977
28,Justus,Woofendell,jwoofendellr@mapy.cz,Male,827 Stang Crossing,605-728-3815,14/5/1983
29,Katina,Loughrey,kloughreys@slideshare.net,Female,2658 Bunker Hill Trail,836-618-6082,3/1/1956
30,Dede,De Malchar,ddemalchart@salon.com,,0 Hazelcrest Drive,,6/5/1964
31,Avigdor,Moutray Read,amoutrayreadu@mapquest.com,Male,2 Delladonna Crossing,444-823-2483,13/12/1978
32,Joyous,Chidzoy,jchidzoyv@fotki.com,Female,53801 Mayer Junction,248-365-2670,3/11/1950
33,Augy,Cranshaw,acranshaww@blogs.com,Male,49 Marcy Street,181-276-8652,5/10/1951
34,Kellie,Zorzin,kzorzinx@craigslist.org,Female,9548 Mockingbird Pass,478-217-2342,10/12/1983
35,Marna,Middleditch,mmiddleditchy@hc360.com,Female,70 Charing Cross Alley,709-633-2306,1/12/1961
36,Odo,,,Male,,780-776-9874,20/3/1973
37,Janie,Sherbrooke,,Female,019 Buena Vista Alley,944-724-2656,16/5/1998
38,Rudolf,,rellor11@fema.gov,,,,21/9/1995
39,Alexia,,amacane12@foxnews.com,,,,24/4/1976
40,Webb,Fallis,wfallis13@thetimes.co.uk,,8719 Susan Pass,,29/12/1983
41,Zaneta,Tremathick,ztremathick14@hatena.ne.jp,,533 Londonderry Crossing,,12/11/1971
42,Janifer,,jtitchard15@nasa.gov,Female,,737-857-4385,18/4/1956
43,Brynne,Suche,bsuche16@webmd.com,,0389 Towne Avenue,,25/10/1966
44,Dunstan,Ranshaw,dranshaw17@goodreads.com,Male,79756 Debra Street,746-433-6592,3/5/1959
45,Shena,Bazely,sbazely18@discovery.com,Female,35144 Crowley Circle,808-326-2901,1/10/1950
46,Borden,Magnay,bmagnay19@mapquest.com,Male,5530 Daystar Point,221-760-6771,1/10/1952
47,Ker,Garling,kgarling1a@yahoo.co.jp,,151 Mallard Lane,,26/6/1997
48,Finley,Ubanks,fubanks1b@earthlink.net,Male,9 Fuller Crossing,637-923-1920,7/3/1973
49,Thorpe,Jell,tjell1c@yandex.ru,Genderfluid,778 Barnett Circle,176-929-5599,12/3/1994
50,Obidiah,,obarti1d@globo.com,Male,,807-991-0800,18/8/1986
51,Fidelio,,fbortolussi1e@360.cn,,,,12/10/1972
52,Dewie,Mitchley,dmitchley1f@macromedia.com,,0617 Lukken Circle,,18/6/1972
53,Hayward,Karchewski,,Male,1 Mesta Avenue,786-440-7735,1/9/1962
54,Kevyn,Marian,kmarian1h@un.org,Female,07060 Moose Avenue,725-227-0599,6/5/1970
55,Cody,,cwallentin1i@multiply.com,Female,,393-379-0747,27/12/1964
56,Zed,Viccary,,Male,411 Declaration Point,588-372-3494,1/3/1961
57,Julieta,Goodchild,jgoodchild1k@umn.edu,Female,95 Emmet Parkway,674-452-0178,24/7/1963
58,Sigfried,Swadlen,sswadlen1l@google.nl,,143 Pine View Place,,29/9/1975
59,Barde,McKenzie,bmckenzie1m@cargocollective.com,Male,796 Brickson Park Crossing,816-554-6073,14/5/1963
60,Raffaello,,rstuffins1n@reuters.com,Male,,735-442-4772,26/12/1963
61,Dov,Seczyk,,Male,3082 Bultman Crossing,424-224-1396,20/6/1952
62,Elwin,Crowth,ecrowth1p@princeton.edu,Male,0 Ridgeview Avenue,732-912-8185,28/11/1969
63,Hyacinthe,Baldwin,,Female,0 Alpine Point,976-469-2706,9/12/1961
64,Roanne,Hinkins,rhinkins1r@flavors.me,Female,7729 Linden Street,244-752-9551,23/12/1969
65,Zackariah,Errichelli,zerrichelli1s@craigslist.org,Male,822 Anthes Junction,786-219-2489,6/2/1954
66,Jayne,,jsaunt1t@naver.com,Non-binary,,481-585-2713,19/7/1981
67,Gordan,,gcecchetelli1u@earthlink.net,Male,,390-109-3129,1/9/1985
68,Hanson,Cashford,hcashford1v@pbs.org,,2 Mcbride Parkway,,22/2/1984
69,Derrik,Thieme,dthieme1w@cdc.gov,Male,18 Utah Court,772-287-0352,16/2/1960
70,Burg,Gillbard,bgillbard1x@feedburner.com,Male,312 Brickson Park Place,230-129-2469,19/6/1957
71,Sterling,Roumier,sroumier1y@reference.com,Male,00 Vernon Junction,335-388-4123,20/6/1977
72,Manuel,Hulles,mhulles1z@columbia.edu,Male,10382 Cambridge Alley,873-294-8565,1/12/1955
73,Elianore,,,Female,,154-488-4566,20/2/1952
74,Rheba,,rorteaux21@csmonitor.com,,,,25/8/1992
75,Lizzie,,lwixey22@oaic.gov.au,Female,,710-703-1687,20/8/1970
76,Carleen,Endicott,cendicott23@army.mil,,55599 Manitowish Court,,20/1/1990
77,Beverly,,bkingsman24@tumblr.com,Female,,692-763-6532,12/7/1952
78,Clerissa,Charrington,ccharrington25@sphinn.com,Female,63215 Reindahl Plaza,852-303-0554,4/7/1953
79,Emile,,,Male,,226-791-2827,22/8/1980
80,Ora,MacNulty,omacnulty27@pbs.org,,81890 Nevada Drive,,6/10/1959
81,Loy,,lwindrass28@eventbrite.com,,,,18/6/1982
82,Quincey,Yarr,qyarr29@themeforest.net,,034 Eagan Pass,,8/1/1980
83,Koren,Saurat,ksaurat2a@twitpic.com,Female,64 Spenser Street,530-800-6409,10/4/1958
84,Melantha,Kittow,mkittow2b@imageshack.us,,1 Sunfield Road,,3/2/1958
85,Tori,Maddams,tmaddams2c@mapy.cz,Female,604 Crest Line Trail,804-537-6258,30/7/1970
86,Alaine,,abussel2d@altervista.org,Female,,436-471-0475,26/5/1963
87,Maribelle,Tink,mtink2e@ca.gov,,89258 Novick Hill,,14/10/1984
88,Kalle,Nice,,Male,44048 Armistice Terrace,264-968-3160,11/1/2000
89,Clark,Ashbridge,,,725 Lunder Park,,2/11/1952
90,Betteanne,,bbowich2h@gnu.org,Female,,326-233-9156,25/8/1958
91,Stevy,,ssongust2i@washington.edu,Male,,573-272-5263,28/11/1987
92,Kassie,Bolzmann,kbolzmann2j@topsy.com,,04 Park Meadow Alley,,15/12/1986
93,Vassily,Lyven,vlyven2k@booking.com,Male,938 Garrison Hill,713-458-6452,12/8/1954
94,Johnathan,McFadden,jmcfadden2l@whitehouse.gov,,47 Cardinal Court,,21/10/1999
95,Jayne,Sandy,,Bigender,5302 Elgar Street,801-558-2158,24/5/1959
96,Albert,Beasant,abeasant2n@utexas.edu,Male,2160 Blaine Pass,217-255-1767,18/7/1990
97,Verney,Laborde,vlaborde2o@indiatimes.com,Male,21 Loftsgordon Trail,666-948-9120,13/4/1954
98,Ryley,,rtrimmell2p@bloglovin.com,,,,5/11/1993
99,Freeman,Malpas,fmalpas2q@weibo.com,,201 Blackbird Circle,,11/9/1961
100,Frazer,Hacking,,Male,83 Hayes Court,788-838-2968,8/7/1997
101,Wilona,,wlashbrook2s@comsenz.com,,,,17/11/1985
102,Boyce,Jirick,bjirick2t@live.com,,19854 Erie Park,,28/4/1963
103,Salomi,Scamal,,,37147 Darwin Trail,,6/2/1968
104,Evangelin,,ehodgin2v@army.mil,Female,,216-740-1987,11/9/1981
105,Allayne,,adurran2w@yellowpages.com,Male,,205-519-7674,11/4/1998
106,Fonsie,Gotliffe,fgotliffe2x@netvibes.com,Male,46 Grayhawk Court,452-257-3681,28/9/1978
107,Temple,Jewell,tjewell2y@purevolume.com,,7 Kennedy Alley,,21/7/1987
108,Farleigh,Muehler,fmuehler2z@exblog.jp,Male,77780 Stang Parkway,711-256-3161,31/12/1965
109,Westbrook,Worledge,wworledge30@wordpress.com,,1474 Fuller Plaza,,10/4/1960
110,Paddy,Ivermee,pivermee31@mlb.com,Male,765 American Drive,605-376-8770,1/9/1975
111,Romain,Drugan,rdrugan32@quantcast.com,Genderfluid,23959 Rockefeller Point,858-139-2498,14/4/1951
112,Clint,Newham,cnewham33@chicagotribune.com,Male,4843 Rigney Terrace,989-163-8451,17/1/1998
113,Lay,Baniard,lbaniard34@domainmarket.com,Male,0 Garrison Lane,783-661-4386,28/10/1986
114,Lisetta,Seres,lseres35@csmonitor.com,Female,28976 Westport Pass,323-437-0307,2/9/1972
115,Ulick,,umirrlees36@accuweather.com,Male,,507-126-9444,1/4/1990
116,Mannie,Madge,mmadge37@bravesites.com,Male,3 Bluejay Terrace,665-698-3322,21/12/1948
117,Bertie,Laste,blaste38@cdbaby.com,,1 Sunnyside Drive,,22/12/1976
118,Clemmie,Cauthra,ccauthra39@elpais.com,Female,2 Kinsman Plaza,112-880-0215,11/9/1981
119,Sheffy,Mossbee,smossbee3a@taobao.com,,039 Reindahl Hill,,30/8/1978
120,Dannie,Stood,dstood3b@slashdot.org,Bigender,0414 Dawn Junction,129-134-9259,25/4/1979
121,Vyky,,vboulding3c@issuu.com,Female,,266-364-7451,31/5/1950
122,Sidonia,McEvon,smcevon3d@gravatar.com,Female,2 Crownhardt Street,537-886-2075,16/12/1981
123,Kelsi,Moneti,kmoneti3e@github.com,Female,02 Towne Lane,584-686-3240,4/1/1964
124,Patti,Goaley,pgoaley3f@feedburner.com,Female,59 Darwin Parkway,324-584-5240,15/11/1963
125,Cari,MacNeish,,Female,7 Helena Crossing,858-205-2858,8/3/1992
126,Hort,,hkrauze3h@skype.com,,,,2/4/1954
127,Aline,,agoldstone3i@github.com,Female,,627-131-6452,3/5/1991
128,Brion,Trahar,btrahar3j@a8.net,Non-binary,8 Hooker Trail,535-950-5401,22/1/1970
129,Orelie,Brundill,obrundill3k@networkadvertising.org,Female,63 Glacier Hill Park,110-443-6002,6/8/1960
130,Gerek,Bernardoux,gbernardoux3l@storify.com,Male,1 Shelley Place,519-163-9909,13/9/1958
131,Lucy,Figurski,lfigurski3m@slate.com,Female,6965 Monica Plaza,540-886-1080,4/9/1948
132,Joycelin,Poundsford,jpoundsford3n@woothemes.com,,18743 Lotheville Park,,10/11/1990
133,Olivette,Marjoram,omarjoram3o@google.com.br,,65 Scoville Place,,23/5/1948
134,Darsie,Grimbaldeston,dgrimbaldeston3p@topsy.com,Female,23 Lyons Avenue,940-805-5016,16/5/1966
135,Red,Walster,,Male,1 Drewry Court,617-362-4302,27/7/1994
136,Maitilde,Hearley,mhearley3r@nationalgeographic.com,,6240 Elmside Court,,18/9/1996
137,Mavra,Struijs,mstruijs3s@baidu.com,,4413 Ridgeway Center,,23/11/1979
138,Jerri,Kmicicki,jkmicicki3t@t-online.de,Male,4 Bonner Park,872-238-2104,18/1/1961
139,Ronalda,Antonognoli,rantonognoli3u@businesswire.com,,93 Cardinal Hill,,8/11/1964
140,Keri,,kbrownsill3v@ezinearticles.com,,,,21/11/1961
141,Serene,Wastall,swastall3w@wordpress.org,,03 Green Ridge Trail,,25/7/1965
142,Barbabas,Worsell,bworsell3x@theguardian.com,,87 Forest Crossing,,10/1/1968
143,Drud,Kliemke,dkliemke3y@webmd.com,Male,3336 Westend Drive,987-976-4303,15/5/1957
144,Avrit,O' Kelleher,aokelleher3z@barnesandnoble.com,,7893 Sutteridge Street,,28/10/1993
145,Lamont,Vivian,lvivian40@studiopress.com,Male,7100 Kingsford Street,363-489-1197,2/6/1952
146,Linnea,,latwill41@bandcamp.com,,,,26/2/1961
147,Idalia,Tubb,itubb42@amazon.co.uk,,77 Cascade Alley,,11/2/1988
148,Allina,,amackeague43@oracle.com,Female,,109-948-5978,9/5/1980
149,Georgianna,Berwick,gberwick44@illinois.edu,,60 Morning Terrace,,13/12/1979
150,Giana,Gwynne,,Female,63519 Sunfield Crossing,936-181-1613,23/2/1997
151,Maryanne,Royste,mroyste46@reuters.com,Female,26 Swallow Court,362-166-5515,31/3/1995
152,Coralyn,,cbrogi47@eepurl.com,Female,,630-118-9982,12/2/1999
153,Clyve,Manthroppe,cmanthroppe48@ucoz.ru,Male,443 Bay Junction,153-715-7372,18/7/1974
154,Josias,,jbrace49@tripadvisor.com,,,,14/7/1963
155,Uri,,uhaselwood4a@ft.com,,,,4/6/1956
156,Obadias,Farrears,ofarrears4b@sakura.ne.jp,Male,6 Rusk Junction,227-393-7228,23/4/1957
157,Marietta,Colchett,,,9 Westport Alley,,24/10/1982
158,Arda,Spicer,aspicer4d@google.fr,Female,1 Mallard Trail,634-950-8021,2/5/1993
159,Paulita,Coston,,,01485 Little Fleur Alley,,12/4/1976
160,Alister,Farnill,afarnill4f@aol.com,,405 Merrick Street,,17/12/1949
161,D'arcy,Tallow,,Male,46581 Merry Pass,865-264-4473,26/12/1966
162,Laverne,Philipeaux,lphilipeaux4h@joomla.org,Female,54 Mosinee Junction,787-334-6420,23/12/1991
163,Deedee,Kerkham,dkerkham4i@w3.org,Non-binary,3303 Brown Center,958-865-8848,13/4/1999
164,Kippar,Bigham,kbigham4j@usa.gov,Male,5 Oriole Trail,597-603-9598,31/7/1988
165,Ainslee,,,Female,,791-812-6898,11/10/1971
166,Edin,Fortnam,efortnam4l@histats.com,Female,9134 Magdeline Park,865-377-3075,17/2/1988
167,Cherri,Anderton,canderton4m@hhs.gov,Female,7831 Anthes Road,745-497-2447,27/4/1983
168,Rea,,rlidierth4n@hibu.com,,,,6/2/1950
169,Faustina,Kellogg,fkellogg4o@dropbox.com,,0 John Wall Center,,13/6/1985
170,Mikaela,,mwearing4p@eepurl.com,Female,,616-298-0947,20/7/1953
171,Kelcie,,kmacalees4q@list-manage.com,,,,28/5/1993
172,Stavro,Jorissen,sjorissen4r@springer.com,Male,25373 Birchwood Lane,246-516-0952,18/2/1982
173,Beryl,,bdalglish4s@oakley.com,Female,,176-218-6424,18/1/1992
174,Andrew,Fawthrop,afawthrop4t@macromedia.com,Genderqueer,31 Hanson Alley,501-842-7494,24/3/1979
175,Glenna,,gskewes4u@blogs.com,Female,,317-905-8571,31/7/1951
176,Gregory,Nisby,gnisby4v@sun.com,,8502 Moland Lane,,6/8/1970
177,Joby,Kinnane,jkinnane4w@ihg.com,,21606 Leroy Pass,,10/9/1999
178,Sileas,Ruckman,sruckman4x@myspace.com,,6 Grayhawk Avenue,,27/8/1978
179,Danika,Dudmarsh,ddudmarsh4y@t.co,,32 Algoma Junction,,11/5/1976
180,Kimberli,Glendza,kglendza4z@washingtonpost.com,Female,1 Farwell Lane,979-420-6936,14/5/1985
181,Amandi,,aolenikov50@businessinsider.com,Female,,631-681-1330,11/11/1955
182,Pepe,Waberer,pwaberer51@a8.net,Male,6708 Sage Park,147-990-4598,23/8/1968
183,Giffie,Copes,gcopes52@pcworld.com,Male,7791 Gerald Drive,691-317-2037,14/2/1983
184,Westleigh,Gauch,wgauch53@cloudflare.com,,6652 Buell Plaza,,15/6/1988
185,Dud,Landrick,dlandrick54@time.com,,7 Pine View Alley,,8/10/1959
186,Malena,Peto,mpeto55@ucoz.ru,,17 Old Shore Plaza,,13/9/1979
187,Madelina,Canfield,mcanfield56@google.it,Female,06936 Petterle Court,795-917-0591,27/6/1994
188,Katleen,Fellowes,kfellowes57@rediff.com,,8 Comanche Alley,,26/2/1962
189,Jessa,Crummy,jcrummy58@disqus.com,,75876 Becker Avenue,,18/4/1966
190,Riccardo,Boyet,rboyet59@umich.edu,Agender,815 Esker Way,447-469-3997,24/6/1995
191,Daisi,Bann,dbann5a@dailymail.co.uk,Female,4 Scofield Circle,659-722-3722,7/5/1993
192,Jard,,,Male,,967-258-6550,16/5/1958
193,Mindy,Chadburn,mchadburn5c@cdc.gov,,91 American Crossing,,2/2/1976
194,Derick,Legg,dlegg5d@jalbum.net,Male,6 Ilene Place,365-593-6327,8/2/1986
195,Theresina,Blanche,tblanche5e@tinypic.com,,53 High Crossing Circle,,24/7/1951
196,Dorelle,Raddon,draddon5f@is.gd,Female,092 Trailsway Terrace,300-397-2587,13/2/1990
197,Man,Lergan,mlergan5g@typepad.com,,190 Sage Center,,4/6/1978
198,Fredek,,fsimonite5h@latimes.com,Male,,877-988-5655,28/1/1951
199,Arliene,,aletford5i@bigcartel.com,Genderqueer,,951-797-6273,11/4/1999
200,Fanny,,fallder5j@foxnews.com,Female,,318-180-3377,1/10/1970
201,Merrick,Bote,mbote5k@buzzfeed.com,,08 Ludington Place,,23/1/1971
202,Gisele,Pyne,gpyne5l@csmonitor.com,Female,19 Cherokee Way,691-258-6529,21/4/1973
203,Valle,Philler,,,83 Hintze Court,,4/6/1976
204,Katine,,ksymcoxe5n@toplist.cz,Female,,891-432-0251,24/1/1984
205,Corbet,Roydon,croydon5o@nba.com,Male,50 Lake View Drive,872-583-7073,11/4/1990
206,Harper,,,Male,,793-810-8657,20/11/1968
207,Shena,,spiggot5q@fc2.com,Female,,869-831-1113,17/7/1991
208,Avigdor,Rustich,arustich5r@wikia.com,Male,25618 Farwell Place,446-129-3753,10/10/1976
209,Natty,,nsmithers5s@spotify.com,Male,,219-595-8209,13/11/1966
210,Calla,,,Agender,,389-654-6882,29/7/1949
211,Umberto,Aharoni,uaharoni5u@storify.com,,8 Fremont Street,,24/9/1956
212,Albrecht,Assaf,aassaf5v@barnesandnoble.com,,8 Sheridan Terrace,,18/3/1982
213,Joana,Maltby,jmaltby5w@plala.or.jp,Female,18130 Monument Road,560-816-2741,17/10/1992
214,Cynthy,Eakens,ceakens5x@ox.ac.uk,Female,4 Donald Street,708-610-0845,12/11/1990
215,Andrea,Bryden,abryden5y@so-net.ne.jp,Female,04568 Westend Parkway,403-691-7761,8/1/1950
216,Ileana,Cody,icody5z@zdnet.com,,8 Killdeer Center,,8/9/1975
217,Ashley,Bliss,abliss60@ameblo.jp,Female,2889 Tomscot Terrace,988-599-5487,27/10/1966
218,Vi,,vtregien61@dot.gov,,,,28/10/1998
219,Britt,Rayson,brayson62@army.mil,,15343 Jenifer Center,,8/2/1950
220,Phaidra,Eschalette,peschalette63@comcast.net,Female,1 Novick Terrace,469-552-0038,25/5/1979
221,Melodee,Pau,,,9 Marcy Parkway,,22/4/1966
222,Sascha,Newitt,snewitt65@1und1.de,Female,56659 Rigney Street,267-172-8625,20/12/1990
223,Brigitta,Pendrich,bpendrich66@hp.com,Female,5428 Kingsford Place,369-694-2551,24/6/1985
224,Jory,Bonnette,jbonnette67@dion.ne.jp,Male,10 Ridgeview Point,527-206-5171,22/12/1965
225,Debbie,Rimmer,,Female,66 Graceland Pass,881-169-3942,10/11/1966
226,Emmye,,enoe69@arizona.edu,Female,,751-722-2150,24/4/1993
227,Brianna,Spensly,bspensly6a@squarespace.com,Female,8 Southridge Trail,781-684-2325,3/2/2000
228,Cammy,Soigoux,csoigoux6b@bloglines.com,Male,7414 Ludington Avenue,717-419-3928,10/5/1987
229,Birgitta,Roxbrough,broxbrough6c@unc.edu,,0241 Messerschmidt Road,,18/10/1985
230,Leonerd,Bowlesworth,lbowlesworth6d@boston.com,,28104 Schmedeman Avenue,,5/5/1949
231,Salomon,Rollinshaw,srollinshaw6e@auda.org.au,Non-binary,9382 Sutherland Place,353-624-8337,24/10/1975
232,Tynan,Edwicker,tedwicker6f@thetimes.co.uk,,06227 Rieder Lane,,27/6/1998
233,Morena,,mworkman6g@phoca.cz,,,,11/11/1957
234,Leroi,Brownsey,lbrownsey6h@soundcloud.com,Male,7 Spohn Avenue,775-814-6435,4/3/1954
235,Cecilio,Crocombe,ccrocombe6i@webmd.com,Male,2 Petterle Parkway,964-741-3334,29/3/1992
236,Connie,Bloggett,cbloggett6j@guardian.co.uk,Male,9 Di Loreto Terrace,731-443-9616,11/5/1982
237,Shannon,Eicke,seicke6k@tiny.cc,Male,3545 Caliangt Street,502-577-4513,1/6/1978
238,Boonie,Sparkwill,bsparkwill6l@illinois.edu,,70785 Anniversary Plaza,,23/2/1986
239,Mignonne,,mecob6m@hubpages.com,Female,,625-402-1084,18/12/1974
240,Reece,McGeaney,rmcgeaney6n@icq.com,Male,36 Butterfield Trail,929-644-0088,31/7/1986
241,Davina,,deverall6o@gmpg.org,Female,,429-114-6233,16/5/1994
242,Dee,Dannehl,ddannehl6p@newyorker.com,Female,73137 Ilene Junction,542-728-1537,22/9/1960
243,Adelaida,Faye,afaye6q@digg.com,Female,3035 Green Court,246-667-7577,16/6/1965
244,Gaynor,Aslam,gaslam6r@etsy.com,Female,5 Golden Leaf Hill,101-588-9746,9/10/1967
245,Jamill,,jheindrich6s@google.co.uk,Male,,387-785-2001,31/12/1966
246,Miof mela,,mtumilson6t@usnews.com,Female,,220-422-4793,6/2/1964
247,Darren,,dmossop6u@merriam-webster.com,Male,,758-849-9835,13/10/1955
248,Larisa,De Carlo,ldecarlo6v@ucoz.ru,Female,84674 Magdeline Parkway,959-939-6605,15/3/1975
249,Towney,,tyandle6w@cnet.com,,,,16/7/1952
250,Mandy,,,Female,,472-238-7526,23/4/1953
251,Tamas,,tcoultar6y@mapy.cz,Male,,599-761-5403,1/3/1952
252,Barby,Dunk,bdunk6z@com.com,Female,6773 Sunfield Place,836-917-7272,24/4/1983
253,Sigfrid,Thomtson,sthomtson70@shareasale.com,Male,59552 Arkansas Avenue,180-393-4434,9/5/1970
254,Emery,Kelso,ekelso71@redcross.org,Non-binary,14178 Mendota Terrace,260-749-3662,2/7/1972
255,Catlee,Camplejohn,ccamplejohn72@webnode.com,Female,2 Duke Way,169-126-2075,28/9/1963
256,Dominic,,dfeeny73@amazon.de,,,,3/10/1968
257,Tyne,Gouldstraw,,Female,7076 Farwell Alley,566-468-7035,14/8/1990
258,Melloney,Moyse,mmoyse75@weather.com,Female,27 Declaration Street,964-844-1292,8/12/1961
259,Carny,Gerok,cgerok76@dyndns.org,Agender,7 Lake View Plaza,480-329-6527,26/1/1952
260,Randene,Morforth,rmorforth77@gnu.org,Female,124 Daystar Alley,774-241-2850,25/8/1958
261,Marline,Mauro,,Female,1963 Crescent Oaks Way,251-527-4109,9/4/1980
262,Bobbee,Quarton,bquarton79@hc360.com,,64984 Burning Wood Pass,,12/9/1957
263,Davin,Durham,ddurham7a@yellowpages.com,Male,5 Ohio Terrace,412-157-1156,17/7/1993
264,Denise,Towne,dtowne7b@lycos.com,Female,0 Kedzie Lane,823-602-0118,14/1/1970
265,Coreen,Franssen,cfranssen7c@ft.com,,5 Russell Crossing,,16/3/1989
266,Ginni,Mees,,,2 Grayhawk Alley,,30/7/1982
267,Eliza,,ecounihan7e@state.gov,Female,,941-797-3285,23/5/1950
268,Jodie,Waren,jwaren7f@timesonline.co.uk,Male,3142 Ridge Oak Circle,736-267-5373,11/10/1987
269,Vladimir,Treacy,,Male,17 Pond Road,791-477-4691,26/2/1967
270,Fabiano,Force,,,3 Menomonie Place,,1/1/1952
271,Anita,Pittwood,,Female,19832 Golf Trail,415-709-0362,10/9/1962
272,Ralf,McNutt,rmcnutt7j@netlog.com,,25061 Shoshone Center,,20/10/1979
273,Eba,Malt,emalt7k@ucoz.ru,,35200 Luster Plaza,,13/10/1955
274,Jerrilyn,Hartgill,jhartgill7l@tripadvisor.com,Female,1160 Nevada Way,688-378-1884,19/8/1965
275,Benedetta,Bleue,,Female,18881 Dapin Place,845-552-5690,2/3/1980
276,Elton,,esinnie7n@chronoengine.com,Male,,286-558-3634,9/11/1983
277,Bondie,Slimmon,bslimmon7o@google.nl,Male,5918 Kingsford Street,772-962-3926,5/9/1995
278,Christy,Conibear,cconibear7p@slashdot.org,Female,6862 School Junction,775-988-0519,28/12/1987
279,Jobyna,Lukacs,jlukacs7q@huffingtonpost.com,Female,130 Scott Plaza,163-229-9045,27/5/1986
280,Carina,Thams,cthams7r@merriam-webster.com,Female,27 Sycamore Park,749-869-3547,15/12/1983
281,Elvin,,eevison7s@t.co,,,,8/8/1987
282,Stephen,,ssayward7t@ocn.ne.jp,Male,,944-290-5231,16/6/1973
283,Farrel,Wardley,fwardley7u@fda.gov,,62 Steensland Pass,,17/8/1992
284,Chicky,Lightowler,,Male,13151 Barnett Alley,575-418-8609,20/3/1962
285,Lemmy,,,,,,2/3/1965
286,Felike,Ranscomb,franscomb7x@gravatar.com,Male,65450 Hanover Avenue,329-663-9375,11/11/1988
287,Sari,Yesinin,syesinin7y@tinypic.com,Female,72738 Atwood Circle,418-937-5773,19/7/1959
288,Kittie,Thewless,kthewless7z@businesswire.com,Genderqueer,29112 Gerald Lane,505-522-9552,22/6/1951
289,Lidia,Petriello,lpetriello80@marketwatch.com,Female,97 Summerview Terrace,553-578-4464,7/3/1986
290,Ruthy,Annetts,rannetts81@reddit.com,Female,28429 Trailsway Road,346-863-7974,27/7/1989
291,Clerc,Woollin,cwoollin82@mit.edu,Male,348 Golf Course Junction,420-871-2080,26/9/1968
292,Arty,Brinsden,abrinsden83@wikispaces.com,Male,2219 Shoshone Parkway,831-927-3483,5/8/1995
293,Tully,,tbosward84@newsvine.com,Male,,305-858-4853,7/6/1955
294,Henryetta,O'Boyle,hoboyle85@storify.com,,1043 Esker Point,,24/2/1995
295,Rois,Pressey,,Female,6 Fremont Court,505-696-0591,9/2/1957
296,Gale,Killen,gkillen87@histats.com,Male,770 Larry Hill,564-150-0807,29/3/1971
297,Shaw,Belison,sbelison88@blogs.com,Male,45 Jenna Junction,847-877-6022,23/4/1990
298,Walliw,Souness,wsouness89@hugedomains.com,Female,5401 Dorton Parkway,800-238-2856,29/11/1949
299,Alene,Silverston,asilverston8a@live.com,Female,5 Lawn Drive,485-896-3809,14/5/1968
300,Gallagher,Comini,gcomini8b@weebly.com,Male,82 Transport Parkway,963-966-6549,31/12/1994
301,Lil,,lwhalley8c@hp.com,Female,,396-536-0123,2/11/1995
302,Cornelius,Weddup,cweddup8d@github.io,,34456 Saint Paul Lane,,24/1/1975
303,Dorey,,dwisby8e@nifty.com,Female,,555-669-6607,3/9/1979
304,Rhodia,Crouch,rcrouch8f@dailymail.co.uk,Female,43 Hudson Trail,440-777-3056,12/3/1976
305,Ivie,Ickowics,iickowics8g@umn.edu,,8093 Melvin Avenue,,22/1/1989
306,Brandise,Sellack,bsellack8h@mozilla.com,Female,392 Sullivan Avenue,112-686-2717,13/12/1993
307,Ulysses,,ubardell8i@feedburner.com,Male,,514-813-5881,15/7/1972
308,Verile,Blader,vblader8j@qq.com,Polygender,12260 Forest Run Parkway,867-165-0176,3/8/1999
309,Doro,Hollindale,dhollindale8k@usnews.com,Female,77264 Clarendon Way,673-293-6239,25/7/1970
310,Debera,,dgrichukhanov8l@list-manage.com,Female,,332-946-9425,17/5/1977
311,Alic,,astolberger8m@gmpg.org,Male,,764-881-0617,24/7/1992
312,Randal,Deveraux,rdeveraux8n@unc.edu,Male,6916 Carey Way,935-883-2983,1/1/1981
313,Colette,,cmanoch8o@sfgate.com,Female,,476-223-1801,29/3/1983
314,Ashien,Middell,amiddell8p@ebay.com,Female,0 Debs Street,743-185-1910,20/1/1991
315,Georgette,O'Griffin,gogriffin8q@msn.com,Polygender,913 Schlimgen Court,186-822-6884,29/4/1955
316,Sigfrid,Gerok,sgerok8r@ezinearticles.com,,73 Sommers Court,,31/3/1955
317,Nannette,Dolbey,ndolbey8s@paypal.com,Female,682 Memorial Lane,232-120-7685,26/3/1999
318,Ezekiel,,ebewicke8t@people.com.cn,Male,,114-538-4827,4/7/1950
319,Gabbey,Lindblad,glindblad8u@ezinearticles.com,,512 Tennessee Plaza,,6/11/1999
320,Helene,Jedrzejczak,,Female,9156 Stang Circle,974-418-2319,16/9/1972
321,Armand,Abramchik,aabramchik8w@people.com.cn,,19219 Hanson Circle,,8/12/1972
322,Bee,Mewhirter,bmewhirter8x@wufoo.com,Female,977 Truax Terrace,973-530-2839,20/4/1975
323,Lorette,,lbrient8y@shinystat.com,,,,11/5/1953
324,Ulberto,,uburtwhistle8z@blogger.com,Male,,116-796-9921,5/10/1954
325,Chastity,Kibbe,ckibbe90@walmart.com,,991 Clemons Crossing,,16/9/1989
326,Latrina,Scambler,lscambler91@paginegialle.it,Female,9283 Eliot Place,774-539-8777,21/12/1961
327,Lexis,Orleton,lorleton92@about.com,,5 Barby Junction,,22/12/1995
328,Gualterio,Stoving,gstoving93@forbes.com,Male,8418 Chive Plaza,329-659-6820,20/3/1974
329,Auroora,,alaister94@fda.gov,Female,,987-933-6610,20/6/1966
330,Ash,,afrew95@ustream.tv,Male,,678-693-2090,25/3/1989
331,Kara,Ivancevic,kivancevic96@cam.ac.uk,Female,614 Spenser Place,622-620-5553,21/9/1949
332,Padgett,Harbour,pharbour97@nba.com,,8803 Westport Drive,,6/4/1979
333,Bryant,,bhardwin98@webnode.com,,,,15/10/1950
334,Gib,Coskerry,,Male,0 Dayton Road,929-860-7271,18/2/1957
335,Arman,Duffyn,aduffyn9a@washington.edu,Male,053 Ridge Oak Drive,493-674-7056,6/7/1974
336,Fredia,Pettett,fpettett9b@pagesperso-orange.fr,Female,91608 2nd Way,699-734-0489,16/4/1974
337,Effie,O'Fogerty,eofogerty9c@psu.edu,Polygender,8316 Homewood Plaza,189-346-2831,10/12/1957
338,Richmound,,rlafayette9d@t-online.de,Male,,535-201-4834,11/2/2000
339,Ortensia,Drohun,odrohun9e@gmpg.org,,0 Pawling Circle,,13/1/1957
340,Rachel,,rkollach9f@howstuffworks.com,,,,31/3/1965
341,Joan,Simanenko,jsimanenko9g@webeden.co.uk,Female,9 Carpenter Point,135-194-9159,26/9/1977
342,Darrelle,,djuckes9h@dagondesign.com,Female,,908-554-1088,1/10/1971
343,Lorri,,lfenning9i@jiathis.com,Female,,989-116-1192,3/2/1958
344,Kylie,Tomasello,ktomasello9j@yellowbook.com,,916 Oriole Crossing,,27/9/1964
345,Fredric,Seeman,fseeman9k@rakuten.co.jp,Male,7576 Kim Street,911-493-6121,5/1/1981
346,Willow,,,,,,10/10/1960
347,Keene,Urling,,Male,513 Lighthouse Bay Pass,592-485-3629,20/5/1956
348,Felicle,Barracks,,Female,37 Corben Drive,415-816-0166,1/9/1980
349,Berkeley,Legh,blegh9o@rambler.ru,Male,5668 Fair Oaks Pass,923-851-9727,5/1/1996
350,Anabella,,anorquay9p@elegantthemes.com,,,,14/8/1969
351,Archer,Billison,abillison9q@go.com,Male,2 Eliot Hill,319-462-9307,31/12/1969
352,Sander,,spettegre9r@intel.com,Male,,781-456-9836,5/11/1958
353,Frieda,Stefanovic,fstefanovic9s@wiley.com,,30278 Duke Street,,13/6/1963
354,Courtney,Hazell,chazell9t@jalbum.net,Female,55745 Pawling Alley,696-895-0377,5/5/1983
355,Adriane,Musterd,amusterd9u@miitbeian.gov.cn,,9 Eagle Crest Park,,27/2/1969
356,Kimberley,Ruggen,kruggen9v@storify.com,,825 Clove Road,,6/7/1992
357,Blythe,Jimmison,,,7 Straubel Point,,21/2/1959
358,Cecilia,,cbyram9x@telegraph.co.uk,,,,10/1/1964
359,Carina,Goane,cgoane9y@xinhuanet.com,Female,1 Bartillon Pass,753-518-0984,2/2/1966
360,Filippo,Dast,fdast9z@weather.com,,0833 Gerald Alley,,9/3/1979
361,Aubrette,Castiglione,acastiglionea0@bravesites.com,,073 Ridge Oak Terrace,,10/1/1997
362,Trista,Hulle,thullea1@bluehost.com,,9 Elka Point,,9/5/1961
363,Marysa,Torritti,mtorrittia2@taobao.com,Female,111 6th Plaza,928-813-9308,20/3/1988
364,Kathryne,Wombwell,kwombwella3@samsung.com,Female,05 Golf Way,433-163-0835,19/2/1983
365,Demeter,,dmatressea4@meetup.com,Female,,736-335-4972,7/5/1986
366,Wilbur,Fisbey,wfisbeya5@sbwire.com,Male,8 Hermina Hill,119-596-6042,27/1/1986
367,Nolly,Whightman,nwhightmana6@reddit.com,Male,3 Welch Terrace,826-550-6493,23/4/1972
368,Kristien,Woolrich,kwoolricha7@linkedin.com,,84 Melvin Crossing,,10/3/1976
369,Levon,,lellacombea8@va.gov,Male,,929-557-5142,24/5/1992
370,Mace,,mclewsa9@bravesites.com,,,,2/11/1980
371,Kissiah,Gass,kgassaa@symantec.com,Female,920 Rigney Way,491-195-3399,15/8/1999
372,Maddy,Rookeby,,Male,70986 Eggendart Avenue,863-525-5948,15/12/1960
373,Lyndsay,Whitear,lwhitearac@arstechnica.com,,89791 1st Hill,,16/9/1964
374,Donnajean,Delaprelle,,Female,318 Laurel Drive,609-502-4742,10/7/1992
375,Merrile,Gabbott,mgabbottae@hatena.ne.jp,Female,7 Amoth Terrace,747-732-1518,7/5/1981
376,Sandi,Clutterbuck,sclutterbuckaf@nytimes.com,,47 Coolidge Pass,,23/2/1962
377,Thorpe,Yousef,,Male,1856 Stuart Terrace,314-479-6257,20/5/1979
378,Yovonnda,,ybilofskyah@wiley.com,Female,,498-226-1950,26/4/1994
379,Ambrosi,Philippsohn,aphilippsohnai@trellian.com,,42815 Northwestern Street,,6/4/1994
380,Bearnard,Sylett,bsylettaj@google.co.jp,Male,20 Stephen Circle,704-693-5323,14/8/1977
381,Ceciley,Aery,caeryak@sun.com,Female,4 Tennessee Junction,389-950-4792,20/12/1979
382,Livvie,Decent,,Genderqueer,7 Armistice Junction,384-753-5742,9/3/1952
383,Allyn,Choppen,achoppenam@loc.gov,,960 Sundown Park,,4/11/1961
384,Teador,,tborresan@sciencedaily.com,,,,19/4/1999
385,Daffi,Lundy,dlundyao@irs.gov,Female,99 2nd Way,753-221-1769,26/11/1979
386,Lorenza,Bridel,lbridelap@msn.com,Female,5145 Havey Place,925-823-4351,16/2/2000
387,Myrle,,mstoppeaq@examiner.com,Female,,853-887-3019,11/1/1949
388,Michaelina,Richmond,mrichmondar@mapquest.com,Female,08 Crest Line Trail,784-721-8915,18/7/1967
389,Karalee,Gockeler,kgockeleras@issuu.com,Female,26127 Ramsey Park,583-404-1270,13/7/1984
390,Wilden,Jillett,wjillettat@etsy.com,,471 Hintze Parkway,,13/6/1950
391,Marjy,Chatel,mchatelau@phoca.cz,Female,37582 Shoshone Drive,293-681-1143,19/3/1950
392,Kayley,Leathlay,kleathlayav@apache.org,,62342 Tennessee Place,,26/11/1980
393,Tannie,Rannie,trannieaw@businesswire.com,Male,8 Heath Point,501-557-5309,31/7/1987
394,Pooh,Bronot,pbronotax@who.int,Male,767 Lien Way,822-590-2562,27/8/1968
395,Kyrstin,Krale,kkraleay@flavors.me,Female,3930 Corben Street,970-273-9083,15/8/1990
396,Alisun,,aellesmereaz@fastcompany.com,Female,,232-159-3148,9/2/1992
397,Alwyn,Garside,agarsideb0@slashdot.org,Male,89 Spohn Junction,509-321-0563,17/6/1996
398,Merna,Hattersley,mhattersleyb1@networksolutions.com,Genderqueer,213 Maple Crossing,325-820-9440,19/12/1988
399,Daren,Seiter,dseiterb2@eventbrite.com,Male,0001 Vahlen Terrace,361-334-6931,19/6/1974
400,Valina,Jovasevic,vjovasevicb3@wikia.com,,84 Mccormick Pass,,28/4/1992
401,Porter,Crowest,pcrowestb4@flavors.me,Male,641 Shasta Place,457-586-9935,2/12/1949
402,Doug,Cromwell,dcromwellb5@noaa.gov,Male,27 Merry Hill,724-670-7888,21/9/1993
403,Bret,Brownhall,bbrownhallb6@homestead.com,,3 Northland Plaza,,17/5/1959
404,Clarie,,cpountneyb7@youtu.be,,,,18/12/1955
405,Chickie,Dreelan,cdreelanb8@indiatimes.com,,256 Carpenter Avenue,,26/6/1988
406,Elinore,Probbings,eprobbingsb9@google.ca,,755 Grim Street,,10/8/1977
407,Herc,Giffaut,hgiffautba@phoca.cz,Male,2749 Oakridge Park,903-973-7983,10/9/1988
408,Padraic,,pmcreynoldsbb@oaic.gov.au,Male,,551-152-2135,2/1/1949
409,Issie,Bedborough,ibedboroughbc@newsvine.com,Female,416 Kenwood Hill,327-703-7153,14/12/1974
410,Heath,,hdronsfieldbd@imgur.com,Agender,,147-500-3967,14/11/1978
411,Leeann,Alejandro,lalejandrobe@yellowbook.com,Female,28711 Red Cloud Circle,314-174-2511,13/2/1996
412,Danya,Lukins,dlukinsbf@sun.com,,48553 Menomonie Center,,2/6/1975
413,Mildred,Boreland,mborelandbg@google.pl,Female,2 Portage Place,712-589-8310,26/6/1961
414,Minor,Balmadier,mbalmadierbh@adobe.com,Male,1 Fair Oaks Plaza,327-969-7863,14/8/1982
415,Petey,,pmuzzlewhitebi@arstechnica.com,Male,,923-643-8373,4/10/1951
416,Almeria,Pedersen,apedersenbj@nsw.gov.au,Agender,59258 Eliot Junction,202-505-9130,20/1/1988
417,Townsend,Whatley,twhatleybk@pbs.org,,338 Truax Parkway,,13/3/1993
418,Jeffy,Prium,jpriumbl@blogtalkradio.com,Male,450 Oneill Court,674-118-2251,29/7/1961
419,Alonso,Paulsson,apaulssonbm@hao123.com,Male,3 Westend Place,334-370-7448,18/8/1987
420,Andriana,Cassin,acassinbn@unblog.fr,Female,30 Barby Plaza,159-793-0443,2/4/1976
421,Harriette,McEwen,hmcewenbo@slashdot.org,,2255 Barby Alley,,2/12/1979
422,Camile,Tieman,ctiemanbp@technorati.com,Female,7073 Ilene Pass,760-621-0641,28/2/1978
423,Ursala,Brose,ubrosebq@163.com,Female,96 Sachtjen Parkway,213-815-7652,18/3/1970
424,Jacquelyn,Yellowlees,jyellowleesbr@reverbnation.com,Genderfluid,1260 Dakota Drive,974-252-2291,15/5/1950
425,Chandal,Kellard,ckellardbs@miibeian.gov.cn,Female,42 Michigan Plaza,429-739-2566,24/6/1960
426,Hester,Monni,hmonnibt@list-manage.com,Female,65 Old Shore Pass,265-920-1907,18/4/1996
427,Giffard,,gbownesbu@tinypic.com,Male,,973-710-7278,11/5/1958
428,Adrien,Frith,afrithbv@xrea.com,Polygender,01180 Redwing Center,558-850-0643,6/10/1971
429,Lavinie,Crole,lcrolebw@hubpages.com,Female,17801 Melrose Lane,246-850-1498,25/10/1967
430,Lotte,Hartnell,lhartnellbx@google.com.au,,39838 Karstens Avenue,,1/8/1989
431,Sergent,Levings,slevingsby@yolasite.com,,3785 Pepper Wood Drive,,15/3/1970
432,Falkner,Cisec,fcisecbz@chron.com,Male,15230 Porter Alley,124-467-9630,27/9/1975
433,Alidia,Barehead,abareheadc0@bbc.co.uk,Female,1 Coolidge Hill,630-164-5058,3/10/1970
434,Colas,Auten,cautenc1@discovery.com,,04 Colorado Road,,8/8/1974
435,Claudian,Streader,cstreaderc2@zimbio.com,,6857 Division Plaza,,29/7/1975
436,Tonia,Sawday,tsawdayc3@taobao.com,Female,47028 Gale Place,263-535-5029,30/11/1981
437,Gottfried,Gurko,ggurkoc4@china.com.cn,Male,764 Gale Trail,729-438-8361,25/11/1974
438,Corly,Cabral,ccabralc5@fema.gov,,1 Grim Parkway,,17/7/1987
439,Josepha,,jbockingsc6@nyu.edu,Female,,245-750-7501,18/10/1953
440,Pacorro,,pherleyc7@rambler.ru,,,,2/5/1967
441,Lorri,Dwire,,Female,19 Packers Place,653-977-2261,15/12/1988
442,Mandi,,mlaniganc9@shinystat.com,Female,,386-212-3561,12/9/1965
443,Kimberli,Gillopp,kgilloppca@mac.com,,4 Fulton Place,,27/8/1986
444,Smith,Mudd,smuddcb@netlog.com,Male,4 Bayside Trail,196-375-5795,7/3/1996
445,Cristina,Westhoff,cwesthoffcc@ucla.edu,Female,30 Golf Place,109-643-0228,4/4/1967
446,Ellynn,Cannings,ecanningscd@intel.com,,9540 Huxley Circle,,4/7/1987
447,Issiah,Pritty,iprittyce@ucla.edu,Male,250 Heffernan Court,556-723-3636,3/8/1953
448,Addi,Barke,,Female,1102 Lakewood Way,700-598-1507,10/1/1993
449,Fallon,Burrass,fburrasscg@buzzfeed.com,,310 Stone Corner Lane,,27/4/1976
450,Margareta,Kenningham,mkenninghamch@huffingtonpost.com,,895 Doe Crossing Plaza,,6/3/1949
451,Josephina,Debling,,Female,78133 5th Crossing,241-693-3727,15/4/1983
452,Stephenie,Fulger,sfulgercj@ca.gov,,25 Arkansas Road,,29/1/1997
453,Wendye,Joselin,wjoselinck@ebay.com,,1149 Bonner Trail,,8/11/1980
454,Somerset,Porrett,sporrettcl@wikispaces.com,Male,6 Haas Junction,306-777-8360,9/10/1998
455,Loella,Arsey,larseycm@yolasite.com,Female,3 Moland Junction,686-756-4585,6/3/1983
456,Kiri,Patten,kpattencn@ibm.com,,7 Hollow Ridge Park,,6/9/1987
457,Sebastien,Melonby,smelonbyco@aboutads.info,,748 Muir Crossing,,15/6/1979
458,Brett,Petyakov,bpetyakovcp@bravesites.com,Male,3566 Grim Junction,648-102-7892,8/6/1996
459,Reese,McQuorkel,rmcquorkelcq@dell.com,Male,207 Lakewood Gardens Park,756-799-5395,10/3/1965
460,Elka,,ejacoxcr@github.com,Female,,623-835-8257,2/4/1968
461,Larina,,ltrattoncs@nydailynews.com,,,,4/12/1991
462,Raymund,Nickoll,rnickollct@prlog.org,Male,1 Butternut Street,271-215-6339,15/12/1989
463,Engelbert,Cammish,ecammishcu@delicious.com,,4611 Southridge Center,,8/8/1999
464,Sol,Croci,scrocicv@princeton.edu,Male,0586 Summit Terrace,203-370-1826,17/9/1967
465,Baird,Lapre,blaprecw@hao123.com,Male,02396 Texas Point,200-552-9633,18/2/1965
466,Jedd,Sidworth,jsidworthcx@edublogs.org,Male,65 Debra Crossing,847-440-4964,13/1/1997
467,Rivi,Seabourne,rseabournecy@geocities.com,Female,4138 Shopko Hill,676-616-9497,9/4/1982
468,Kevina,Collin,kcollincz@vkontakte.ru,Female,71785 Lighthouse Bay Drive,395-883-9130,26/3/1993
469,Nickolaus,Carren,ncarrend0@hhs.gov,Male,5334 Hoepker Point,522-964-6578,1/8/1976
470,Emogene,Conway,econwayd1@macromedia.com,,1 Oak Valley Court,,5/6/1961
471,Cecilius,Hackelton,chackeltond2@t.co,,544 Fremont Street,,23/5/1959
472,Renato,,rdrieud3@tiny.cc,Male,,701-532-6538,10/2/1967
473,Kliment,Stoeckle,kstoeckled4@unc.edu,Male,48 Esker Terrace,746-840-7535,11/3/1971
474,Herb,Leat,hleatd5@php.net,Male,317 Cambridge Place,574-333-0831,13/3/1967
475,Janey,Crosgrove,jcrosgroved6@dailymail.co.uk,,8 Tomscot Junction,,25/7/1955
476,Wilbert,Fitchen,wfitchend7@studiopress.com,,58552 Luster Hill,,27/1/1997
477,Shaylyn,,,Female,,477-996-3306,14/10/1992
478,Tobiah,Couzens,,Polygender,91053 Forster Parkway,512-910-0580,11/8/1973
479,Elva,McFadden,emcfaddenda@princeton.edu,Female,8 Corry Center,446-132-1486,19/6/1977
480,Roderick,Budgen,rbudgendb@nba.com,Male,49004 West Plaza,760-364-6290,21/2/1968
481,Giuseppe,Kobpal,gkobpaldc@phpbb.com,Male,84708 Continental Center,356-243-3078,27/4/1964
482,Olin,Blayd,oblayddd@sina.com.cn,,1321 Mallard Park,,8/10/1959
483,Amalie,Andrieu,aandrieude@usgs.gov,Female,38237 Mcbride Park,832-324-0131,14/2/1960
484,Jerad,Roux,,,1 Cherokee Junction,,20/1/1968
485,Lyndy,Gourley,lgourleydg@scribd.com,Female,9190 Lakewood Gardens Junction,779-655-4428,31/1/1972
486,Drusy,Leonardi,dleonardidh@msn.com,Female,753 Artisan Center,787-996-5109,5/12/1972
487,Waldemar,Bazoge,wbazogedi@php.net,Male,7065 Montana Park,542-105-4394,12/2/1972
488,Sherlocke,Mattiazzo,smattiazzodj@pen.io,Male,65814 Sycamore Circle,265-382-3597,8/5/1991
489,Bartolomeo,,bhuffydk@livejournal.com,Male,,705-236-6248,8/2/1952
490,Beniamino,Gwyther,bgwytherdl@nifty.com,Male,3647 Manitowish Road,967-991-4417,21/9/1955
491,Tirrell,Roullier,troullierdm@youku.com,Male,8217 Dakota Point,196-373-4798,26/10/1984
492,Ravid,Jeffes,rjeffesdn@mapy.cz,,55 Blue Bill Park Circle,,20/4/1967
493,Noreen,Bromehed,nbromeheddo@livejournal.com,,51414 Russell Parkway,,9/3/1979
494,Carlen,Buddock,cbuddockdp@columbia.edu,,3 Onsgard Avenue,,12/1/1966
495,Niki,,nnormadelldq@pagesperso-orange.fr,Male,,212-552-7087,11/10/1998
496,Bald,Walczynski,bwalczynskidr@wikia.com,Male,4419 Washington Circle,425-156-5501,17/2/1984
497,Linoel,Gozard,lgozardds@wikipedia.org,Male,6000 Homewood Way,134-929-8558,16/8/1996
498,Ingaborg,Baguley,ibaguleydt@scribd.com,Female,95 Kinsman Pass,888-365-2875,6/10/1966
499,Anselma,Mockford,amockforddu@qq.com,Female,8934 Waxwing Drive,976-408-3075,15/5/1963
500,Allen,Gettone,agettonedv@cloudflare.com,Male,5338 Annamark Terrace,988-948-3134,26/7/1976
501,Marie-ann,Abbets,,Female,3402 Blue Bill Park Street,137-331-4091,23/6/1986
502,Aeriela,Rue,aruedx@prweb.com,,508 Gina Place,,29/7/1980
503,Sauveur,Escot,sescotdy@utexas.edu,,394 Iowa Hill,,1/6/1951
504,Bjorn,Vaune,bvaunedz@tmall.com,Male,40 Green Ridge Avenue,763-710-9717,4/6/1981
505,Magda,,mcastanee0@weebly.com,,,,27/5/1955
506,Carmen,Crowley,ccrowleye1@bloglines.com,Agender,33 Gulseth Circle,994-850-8685,30/4/1973
507,Elfrida,,emcilvennae2@apple.com,Female,,975-454-3729,17/7/1978
508,Lane,Alcock,lalcocke3@va.gov,Female,0 Johnson Road,208-998-8181,14/10/1984
509,Noel,,ngwyere4@engadget.com,Female,,640-551-8018,23/6/1984
510,Lay,Schimoni,lschimonie5@baidu.com,Male,4 Bellgrove Circle,202-559-1098,19/6/1970
511,Debor,,dbraxaye6@engadget.com,Female,,598-890-9485,13/5/1991
512,Gaspard,Gibard,ggibarde7@woothemes.com,Male,8962 Rigney Road,839-226-8434,21/7/1977
513,Zacharia,Tyreman,ztyremane8@qq.com,Male,4189 Grover Trail,900-661-4038,2/3/1979
514,Maxi,Hullyer,mhullyere9@harvard.edu,Bigender,8 Gale Point,818-763-9545,14/11/1976
515,Morten,de Mullett,mdemullettea@usnews.com,,024 Straubel Place,,27/5/1963
516,Glenn,Ough,gougheb@ihg.com,Male,86193 Center Lane,368-238-7498,6/3/1960
517,Daile,Westoff,dwestoffec@jugem.jp,,8 Nobel Place,,15/8/1956
518,Sunny,Danby,sdanbyed@ucoz.ru,Female,8946 Buhler Pass,474-938-2465,22/9/1962
519,Johanna,Brimblecombe,jbrimblecombeee@topsy.com,Female,3338 Mayfield Plaza,143-708-1538,30/7/1996
520,Rozanna,Caldes,rcaldesef@census.gov,Female,20 Sullivan Center,189-956-6914,7/1/1997
521,Rusty,Tunmore,rtunmoreeg@weebly.com,Genderqueer,73 Caliangt Court,300-968-7749,9/10/1964
522,Vivie,Spere,vspereeh@hostgator.com,Female,45977 Declaration Pass,315-230-2199,5/2/1949
523,Decca,Saville,dsavilleei@wufoo.com,Male,30116 Debs Lane,506-746-3270,24/1/1964
524,Tripp,Greve,tgreveej@sphinn.com,,7 Tony Place,,12/12/1970
525,Urson,Stopford,,Male,1 Schmedeman Point,847-540-1446,12/5/1968
526,Matthus,Loft,mloftel@statcounter.com,Male,511 Bellgrove Circle,728-574-1790,19/10/1953
527,Dasha,Daniells,ddaniellsem@behance.net,Female,9379 Lerdahl Alley,628-146-8377,10/1/1984
528,Cece,Blazejewski,cblazejewskien@angelfire.com,Male,6 Dryden Crossing,664-188-2522,11/6/1980
529,Elsie,,elidyardeo@ehow.com,Polygender,,444-476-7310,16/8/1956
530,Kimbra,Bonds,kbondsep@shop-pro.jp,Female,0333 Anhalt Road,808-953-6157,15/3/1976
531,Martina,Guilliatt,mguilliatteq@yolasite.com,,2124 Village Court,,12/4/1953
532,Roderich,Abotson,rabotsoner@dell.com,Male,170 Annamark Parkway,485-710-8990,22/6/1971
533,Winfred,,wwreyes@t.co,,,,20/4/1975
534,Angelico,,afitchewet@drupal.org,Male,,382-526-5602,14/3/1979
535,Stephanie,Douthwaite,sdouthwaiteeu@foxnews.com,Female,6 Stone Corner Street,674-319-1724,30/10/1962
536,Derick,Fransoni,,Male,86 Brickson Park Way,804-612-0789,30/6/1957
537,Donia,Broggio,dbroggioew@kickstarter.com,Female,03 Del Mar Way,985-934-0941,13/10/1966
538,Giusto,,gmaticex@hp.com,Male,,704-333-5984,1/4/1974
539,Cymbre,,chorwelley@sciencedirect.com,Female,,137-202-4408,14/2/1970
540,Mick,Caron,mcaronez@topsy.com,,11890 Marquette Crossing,,29/7/1955
541,Lacie,,,,,,11/1/1993
542,Elke,McDill,emcdillf1@dyndns.org,Female,7267 2nd Lane,987-284-0425,11/1/1976
543,Edmon,Dounbare,,Polygender,0883 Hoepker Lane,729-673-4703,7/10/1994
544,Reinald,Kindley,rkindleyf3@webmd.com,,86 Morrow Lane,,1/11/1979
545,Rollie,Atwater,ratwaterf4@amazon.de,,5 Mifflin Plaza,,9/8/1951
546,Seline,Rubke,srubkef5@is.gd,,644 Farwell Trail,,16/1/1981
547,Dora,Stolze,dstolzef6@cdbaby.com,Female,53 Carey Street,502-896-7090,21/3/1967
548,Dorothea,Bottby,dbottbyf7@symantec.com,,620 Everett Plaza,,20/8/1990
549,Velvet,Coucher,vcoucherf8@virginia.edu,,16 Brentwood Trail,,21/6/1960
550,Clayton,O'Giany,cogianyf9@ebay.com,Male,9791 Old Gate Junction,884-547-3984,27/12/1986
551,Cathe,Dougher,cdougherfa@delicious.com,,50 Everett Point,,27/12/1994
552,Kelcy,Vigurs,kvigursfb@alexa.com,,07911 Bashford Place,,7/5/1956
553,Tabbitha,Monni,tmonnifc@ted.com,Female,8710 Eagan Road,294-820-3558,7/2/1981
554,Byrann,Tewkesbury.,btewkesburyfd@artisteer.com,Male,1 Village Green Drive,675-211-4569,11/10/1954
555,Nisse,Coat,ncoatfe@fda.gov,,0354 Gale Circle,,31/3/1964
556,Neysa,Extall,nextallff@devhub.com,,35793 Manitowish Point,,20/3/1974
557,Andrea,MacIlriach,amacilriachfg@blog.com,Male,75179 Northridge Street,303-417-1214,13/5/1963
558,Ernesto,Arrandale,earrandalefh@typepad.com,Male,9003 Walton Terrace,714-363-5650,2/7/1980
559,Shana,Goodfellow,sgoodfellowfi@cornell.edu,,3583 Dixon Trail,,26/4/1951
560,Isaiah,,ipeceyfj@reuters.com,,,,21/4/1967
561,Nikolaus,Candie,ncandiefk@jiathis.com,Male,42 Canary Trail,157-822-2994,27/9/1971
562,Shurlock,,sdavidsonfl@aboutads.info,Male,,367-574-2596,23/12/1949
563,Cyrill,Bellam,cbellamfm@ucoz.ru,,07 Hansons Trail,,3/10/1954
564,Bryce,Haydn,bhaydnfn@comcast.net,Male,705 Lotheville Trail,334-273-0095,13/6/1976
565,Angy,Panner,apannerfo@moonfruit.com,Female,1300 Golf Course Street,354-157-4823,19/6/1999
566,Zebulen,Borrill,zborrillfp@opensource.org,Male,05 Northport Place,551-266-6453,2/5/1978
567,Hamid,Menendez,hmenendezfq@redcross.org,Male,01 Coolidge Crossing,178-788-8326,24/2/1971
568,Arabele,Waryk,awarykfr@barnesandnoble.com,Female,78 Hansons Parkway,186-264-4837,7/9/1968
569,Perice,Gammett,pgammettfs@ovh.net,,895 Kipling Park,,1/4/1976
570,Faunie,Fellows,ffellowsft@php.net,Female,70 Old Gate Crossing,761-175-1596,17/12/1983
571,Charity,,csheehanfu@about.com,,,,10/4/1955
572,Jayme,Gibbeson,jgibbesonfv@about.com,,5 Glacier Hill Lane,,8/6/1958
573,Freida,,falbinfw@google.com.hk,,,,29/1/1985
574,Catlaina,Ravenscroftt,cravenscrofttfx@hc360.com,,1 Jenifer Terrace,,25/10/1992
575,Cathyleen,Czajka,cczajkafy@clickbank.net,,99 Nancy Plaza,,3/4/1971
576,Dwayne,,dwhalleyfz@is.gd,Male,,927-803-9293,20/10/1948
577,Elnore,,ebreachg0@intel.com,Female,,394-864-0328,8/8/1984
578,Briano,,baverillg1@sciencedirect.com,,,,12/1/1969
579,Carena,Whittingham,,Female,1699 Waubesa Drive,479-340-6904,24/8/1968
580,Wallace,Flintuff,,,51533 Sherman Lane,,15/4/1989
581,Rowena,Hawkeridge,,,50 Grasskamp Street,,2/3/1987
582,Cherilyn,Greensted,cgreenstedg5@ft.com,Female,27022 Troy Way,630-516-3784,22/1/1957
583,Cindi,,cdummigang6@fastcompany.com,,,,15/6/1977
584,Ardra,Hearon,ahearong7@google.cn,Female,1262 Hollow Ridge Center,883-743-2440,2/4/1973
585,Kristoffer,Mordon,kmordong8@photobucket.com,Male,312 Anhalt Drive,622-765-3725,12/10/1964
586,Wendeline,Godby,wgodbyg9@blogtalkradio.com,Female,7467 Talmadge Road,822-853-2432,23/3/1955
587,Jazmin,,jlambkinga@cbslocal.com,,,,17/12/1985
588,Horace,Cardis,hcardisgb@nature.com,Male,45 Chinook Drive,864-866-1674,5/6/1957
589,Phillie,Henrion,phenriongc@un.org,Female,1 Dovetail Pass,875-590-4746,18/8/1971
590,Rorke,Cheatle,rcheatlegd@paypal.com,Male,176 Jay Plaza,208-131-9535,9/7/1960
591,Theo,MacNeely,tmacneelyge@seesaa.net,Male,56 Gulseth Park,963-802-6633,6/6/1990
592,Justine,Cheyney,jcheyneygf@dedecms.com,,0080 Fair Oaks Junction,,21/10/1976
593,Tiena,,tolssongg@prweb.com,Female,,943-680-6953,8/8/1999
594,Chrissy,Forestall,cforestallgh@creativecommons.org,Male,72366 Pankratz Terrace,489-652-9834,6/2/1997
595,Ramon,Jefferies,rjefferiesgi@dion.ne.jp,,3897 Oak Court,,15/4/1958
596,Nickola,,ncasagj@123-reg.co.uk,Male,,418-638-3355,13/6/1982
597,Worthy,,wkestingk@time.com,Male,,738-417-2890,5/5/1956
598,Eustace,Mowles,emowlesgl@hugedomains.com,Male,003 Ilene Junction,795-856-1887,12/1/1993
599,Tami,Coombes,tcoombesgm@newsvine.com,,38372 4th Court,,1/9/1966
600,Trina,,tdickensongn@nsw.gov.au,Female,,879-127-5428,21/1/1984
601,Sargent,Schukert,sschukertgo@webnode.com,,49 Sheridan Alley,,21/3/1975
602,Lance,Tregea,ltregeagp@simplemachines.org,Male,40 Arapahoe Street,352-232-7328,18/5/1957
603,Evyn,Swabey,eswabeygq@vimeo.com,Male,3789 Veith Avenue,789-883-1069,1/4/1956
604,Allayne,,achatainiergr@twitter.com,Male,,401-237-6569,11/3/1951
605,Cecilio,Kaming,ckaminggs@wordpress.com,Male,149 Nobel Lane,656-144-8827,13/1/1960
606,Floria,Canniffe,fcanniffegt@macromedia.com,Female,483 Jay Crossing,477-812-2738,3/3/1998
607,Geri,,gbenazetgu@opera.com,,,,4/6/1959
608,Darby,Spurritt,dspurrittgv@e-recht24.de,Male,87415 Melrose Place,196-212-9944,4/1/1972
609,Julina,Matthewes,jmatthewesgw@prlog.org,Female,263 Parkside Lane,116-365-3178,3/10/1948
610,Kerk,Kinnier,kkinniergx@ebay.com,Male,4 Marcy Terrace,709-749-9034,9/1/1996
611,Eustace,,eeyegy@wix.com,Male,,887-931-4182,2/5/1950
612,Shanon,Pascho,spaschogz@google.com.au,Female,5 Mendota Place,261-865-4198,20/10/1952
613,Gus,,gburberryh0@army.mil,Female,,751-451-6012,25/6/1952
614,Eryn,Brader,ebraderh1@dedecms.com,,2533 Caliangt Hill,,20/3/1964
615,Thomasine,Peaker,tpeakerh2@behance.net,Female,6860 Norway Maple Pass,968-760-3187,12/4/1962
616,Brear,Seabright,bseabrighth3@imageshack.us,Female,2 Linden Hill,133-537-2258,1/11/1986
617,Luther,Leahair,lleahairh4@admin.ch,Male,2 Oak Park,169-343-0786,23/11/1975
618,Clemmie,Biggar,cbiggarh5@wikimedia.org,,3152 Oxford Circle,,10/9/1989
619,Bord,,bsteelsh6@adobe.com,Male,,476-558-0733,17/9/1997
620,Leanor,,,Female,,307-162-3633,6/11/1963
621,Dolph,Geator,dgeatorh8@tamu.edu,Male,1 Dorton Drive,271-636-7399,1/9/1966
622,Glyn,Joicey,gjoiceyh9@topsy.com,,933 Mcbride Road,,14/8/1961
623,Chrysa,Daybell,cdaybellha@ycombinator.com,,18145 Messerschmidt Hill,,6/12/1955
624,Brook,Trenholme,btrenholmehb@taobao.com,,7685 Roth Drive,,17/7/1995
625,Zita,Cisson,zcissonhc@bbb.org,Female,20 Namekagon Pass,398-346-7766,4/4/1952
626,Veronica,Sneddon,vsneddonhd@woothemes.com,,2 Monica Road,,24/2/1995
627,Helyn,Heustace,hheustacehe@a8.net,Female,7409 Susan Junction,275-772-1615,3/10/1996
628,Will,,wchuterhf@tmall.com,Male,,736-646-5225,26/9/1977
629,Portia,,pdomokoshg@goo.gl,Female,,485-846-8727,10/9/1959
630,Barnebas,Eagell,beagellhh@engadget.com,Male,008 Tennessee Drive,600-893-3923,11/3/1960
631,Kipper,Wheelton,kwheeltonhi@freewebs.com,,4 Carpenter Parkway,,26/7/1995
632,Sylvan,Scouse,sscousehj@acquirethisname.com,Male,930 Dwight Terrace,388-368-5033,19/7/1959
633,Oliy,,,Female,,199-235-8545,16/3/1952
634,Peri,Thomson,pthomsonhl@baidu.com,Female,7 Burrows Street,815-296-9185,26/9/1954
635,Andeee,,agibletthm@blogtalkradio.com,,,,1/12/1952
636,Lefty,Janousek,ljanousekhn@linkedin.com,,84 Westridge Park,,15/1/1970
637,Felice,Joubert,fjoubertho@amazonaws.com,Male,6490 Becker Center,160-742-4848,4/12/1988
638,Fancy,,fwevellhp@comcast.net,Female,,842-969-1432,2/1/2000
639,Yorgos,Posten,ypostenhq@last.fm,Male,29639 Chive Court,385-641-3754,12/7/1988
640,Stephanus,Leven,slevenhr@geocities.com,,8 3rd Way,,27/9/1976
641,Ellary,Alexis,ealexishs@sbwire.com,,147 Michigan Terrace,,24/1/1998
642,Don,Trimmill,,,09 Tennyson Center,,6/1/1988
643,Olenka,,ostrippelhu@wordpress.org,Female,,451-937-4899,28/10/1992
644,Cale,Methingam,cmethingamhv@adobe.com,Male,070 Bay Pass,600-284-4737,19/6/1998
645,Lizzy,Janczewski,ljanczewskihw@dell.com,Female,0 Hazelcrest Lane,633-811-0777,13/4/1964
646,Annalee,Flukes,aflukeshx@wikispaces.com,,0415 Lindbergh Crossing,,1/8/1970
647,Isabeau,Wardale,iwardalehy@aboutads.info,,130 Magdeline Drive,,27/5/1973
648,Emogene,Laity,elaityhz@delicious.com,,6353 Ridgeview Place,,4/1/1997
649,Forbes,Crudgington,fcrudgingtoni0@tripadvisor.com,Genderfluid,4255 Thompson Hill,854-375-2380,9/10/1994
650,Brynn,Harbisher,bharbisheri1@mysql.com,Female,348 Buena Vista Street,974-580-5002,28/12/1998
651,Leta,Spiby,lspibyi2@homestead.com,Female,8522 Declaration Point,502-485-0859,20/1/1951
652,Aloin,Baugham,abaughami3@prlog.org,Male,4 Northwestern Street,620-725-2245,7/9/1987
653,Cybill,Healey,chealeyi4@miitbeian.gov.cn,,9840 Schiller Junction,,2/11/1960
654,Hildegaard,,hflorentinei5@nydailynews.com,Female,,928-754-9723,7/7/1961
655,Delainey,Shergold,dshergoldi6@i2i.jp,Male,9 Jackson Plaza,424-607-1120,2/7/1968
656,Cassandry,Yvon,cyvoni7@latimes.com,Genderqueer,5949 Crownhardt Center,577-883-8659,19/11/1988
657,Randolph,,,Male,,928-888-0315,13/7/1954
658,Halli,,hsandellsi9@privacy.gov.au,Female,,831-405-6224,5/2/1971
659,Michaella,Jolliman,mjollimania@google.com.br,Female,7 Golf Drive,459-948-4781,14/3/1987
660,Cortney,Brundall,cbrundallib@loc.gov,Female,677 Valley Edge Parkway,395-307-5395,10/12/1963
661,Audry,Hegden,ahegdenic@ca.gov,,167 Onsgard Plaza,,11/4/1972
662,Andrey,Clears,aclearsid@cafepress.com,,72573 Schmedeman Junction,,10/8/1989
663,Chiquita,,csurmeirie@archive.org,Female,,335-383-4509,3/9/1992
664,Kevyn,Willerton,kwillertonif@clickbank.net,,1902 Harper Crossing,,5/5/1959
665,Eduardo,Joesbury,ejoesburyig@com.com,,5 Bunting Court,,29/5/1950
666,Alaine,Kynastone,akynastoneih@linkedin.com,,45310 Elmside Parkway,,13/5/1955
667,Norri,MacManus,nmacmanusii@twitpic.com,Female,21 Barby Pass,254-957-7247,26/6/1973
668,Aldis,,atoftsij@bloglovin.com,Male,,812-609-0839,10/3/1952
669,Homere,De Simone,hdesimoneik@homestead.com,,76246 Bultman Terrace,,22/4/1982
670,Alana,Beaglehole,abeagleholeil@meetup.com,Female,3280 Lukken Point,571-233-9538,7/4/1994
671,Cindy,Keelin,ckeelinim@issuu.com,,220 Victoria Terrace,,10/1/2000
672,Abdel,Habishaw,ahabishawin@dedecms.com,Male,0444 Prairieview Place,106-898-1892,11/1/1993
673,Missie,Blinerman,mblinermanio@mashable.com,Female,1711 Dixon Point,966-950-4016,1/1/1963
674,Rutger,Liepins,rliepinsip@state.gov,Male,9 Del Mar Plaza,113-306-6324,2/6/1956
675,Tatiania,Abbett,tabbettiq@people.com.cn,Female,88691 Bartelt Street,972-993-3344,10/8/1964
676,Teodoro,Bartomeu,,Male,4 Mayfield Point,593-211-5114,12/1/1956
677,Darrick,Yancey,dyanceyis@blog.com,Male,89815 Blue Bill Park Crossing,169-266-2807,12/1/1995
678,Weston,Vallis,wvallisit@alibaba.com,,2530 Schmedeman Plaza,,10/1/1975
679,Wilbert,,wtuffelliu@theglobeandmail.com,,,,28/11/1971
680,Kennan,Morfell,kmorfelliv@icq.com,Male,37 Forest Avenue,801-247-9648,2/6/1975
681,Fletch,Beran,,,1029 Alpine Way,,14/7/1974
682,Gradeigh,Domerc,gdomercix@histats.com,Male,81864 Scofield Plaza,678-105-4273,29/2/1992
683,Murvyn,MacNair,mmacnairiy@vk.com,Male,69567 Briar Crest Street,352-777-9627,17/12/1979
684,Belvia,Koppens,,,2401 Union Road,,19/9/1980
685,Frannie,,fjachimiakj0@springer.com,,,,20/10/1970
686,Byrle,Boutton,bbouttonj1@ibm.com,Male,817 Thompson Crossing,460-132-4357,27/1/2000
687,Garry,Alwood,galwoodj2@cisco.com,Male,16867 Grasskamp Park,928-171-9691,28/8/1991
688,Josee,Scarsbrooke,jscarsbrookej3@uiuc.edu,,732 Brickson Park Trail,,25/6/1976
689,Murvyn,Rubica,,Male,943 Almo Circle,579-299-3104,1/6/1955
690,Garik,Rummery,grummeryj5@blogspot.com,,095 Lawn Terrace,,24/4/1952
691,Alford,Stickels,astickelsj6@macromedia.com,,0 Vernon Circle,,2/3/2000
692,Kris,Skirving,kskirvingj7@flickr.com,Female,39882 Hayes Point,178-905-2471,2/9/1984
693,Kissee,Drowsfield,kdrowsfieldj8@sohu.com,,731 Almo Junction,,27/3/1959
694,Ariel,Kirkness,akirknessj9@elpais.com,Male,17 Thackeray Center,517-263-2216,20/9/1948
695,Rozalie,Leckey,rleckeyja@uiuc.edu,Genderqueer,7420 Judy Street,883-531-1542,17/3/1987
696,Latashia,Ansley,lansleyjb@parallels.com,Female,909 Maryland Junction,475-446-8397,21/4/1994
697,Ileana,,itoplingjc@hhs.gov,Female,,692-705-8917,15/8/1983
698,Dolores,Gianni,dgiannijd@whitehouse.gov,Female,617 Bellgrove Circle,441-381-2396,24/9/1964
699,Barbabra,Rizzetti,brizzettije@slate.com,Female,4 Clemons Circle,891-929-8252,7/10/1994
700,Skipp,Kingscote,skingscotejf@tamu.edu,,2404 Autumn Leaf Circle,,23/6/1966
